date,recess,uer,gs10,gs3m,gs2,mvtd,wti
1/1/1960,0,5.2,4.72,,,179.7,
2/1/1960,0,4.8,4.49,,,179.8,
3/1/1960,0,5.4,4.25,,,178.8,
4/1/1960,1,5.2,4.28,,,180.4,
5/1/1960,1,5.1,4.35,,,180.6,
6/1/1960,1,5.4,4.15,,,178.5,
7/1/1960,1,5.5,3.90,,,183.8,
8/1/1960,1,5.6,3.80,,,182.8,
9/1/1960,1,5.5,3.80,,,182.5,
10/1/1960,1,6.1,3.89,,,185.5,
11/1/1960,1,6.1,3.93,,,183.9,
12/1/1960,1,6.6,3.84,,,186.2,
1/1/1961,1,6.6,3.84,,,185.5,
2/1/1961,1,6.9,3.78,,,186.7,
3/1/1961,0,6.9,3.74,,,183.4,
4/1/1961,0,7.0,3.78,,,185.3,
5/1/1961,0,7.1,3.71,,,185.7,
6/1/1961,0,6.9,3.88,,,183.2,
7/1/1961,0,7.0,3.92,,,187.1,
8/1/1961,0,6.6,4.04,,,186.3,
9/1/1961,0,6.7,3.98,,,187.9,
10/1/1961,0,6.5,3.92,,,191.3,
11/1/1961,0,6.1,3.94,,,191.2,
12/1/1961,0,6.0,4.06,,,191.2,
1/1/1962,0,5.8,4.08,,,192.7,
2/1/1962,0,5.5,4.04,,,193.5,
3/1/1962,0,5.6,3.93,,,193.5,
4/1/1962,0,5.6,3.84,,,195.5,
5/1/1962,0,5.5,3.87,,,195.4,
6/1/1962,0,5.5,3.91,,,192.4,
7/1/1962,0,5.4,4.01,,,192.9,
8/1/1962,0,5.7,3.98,,,196.3,
9/1/1962,0,5.6,3.98,,,195.3,
10/1/1962,0,5.4,3.93,,,198.9,
11/1/1962,0,5.7,3.92,,,201.8,
12/1/1962,0,5.5,3.86,,,200.7,
1/1/1963,0,5.7,3.83,,,201.5,
2/1/1963,0,5.9,3.92,,,202.1,
3/1/1963,0,5.7,3.93,,,200.7,
4/1/1963,0,5.7,3.97,,,201.3,
5/1/1963,0,5.9,3.93,,,200.9,
6/1/1963,0,5.6,3.99,,,200.2,
7/1/1963,0,5.6,4.02,,,199.9,
8/1/1963,0,5.4,4.00,,,199.4,
9/1/1963,0,5.5,4.08,,,200.3,
10/1/1963,0,5.5,4.11,,,199.9,
11/1/1963,0,5.7,4.12,,,202.1,
12/1/1963,0,5.5,4.13,,,202.8,
1/1/1964,0,5.6,4.17,,,203.9,
2/1/1964,0,5.4,4.15,,,205.3,
3/1/1964,0,5.4,4.22,,,204.0,
4/1/1964,0,5.3,4.23,,,202.4,
5/1/1964,0,5.1,4.20,,,203.4,
6/1/1964,0,5.2,4.17,,,202.3,
7/1/1964,0,4.9,4.19,,,201.6,
8/1/1964,0,5.0,4.19,,,201.3,
9/1/1964,0,5.1,4.20,,,203.6,
10/1/1964,0,5.1,4.19,,,205.1,
11/1/1964,0,4.8,4.15,,,207.3,
12/1/1964,0,5.0,4.18,,,207.9,
1/1/1965,0,4.9,4.19,,,210.0,
2/1/1965,0,5.1,4.21,,,210.2,
3/1/1965,0,4.7,4.21,,,207.6,
4/1/1965,0,4.8,4.20,,,208.1,
5/1/1965,0,4.6,4.21,,,207.5,
6/1/1965,0,4.6,4.21,,,204.6,
7/1/1965,0,4.4,4.20,,,204.4,
8/1/1965,0,4.4,4.25,,,203.6,
9/1/1965,0,4.3,4.29,,,202.6,
10/1/1965,0,4.2,4.35,,,206.4,
11/1/1965,0,4.1,4.45,,,208.5,
12/1/1965,0,4.0,4.62,,,206.9,
1/1/1966,0,4.0,4.61,,,209.7,
2/1/1966,0,3.8,4.83,,,208.4,
3/1/1966,0,3.8,4.87,,,207.5,
4/1/1966,0,3.8,4.75,,,207.1,
5/1/1966,0,3.9,4.78,,,205.5,
6/1/1966,0,3.8,4.81,,,200.3,
7/1/1966,0,3.8,5.02,,,199.8,
8/1/1966,0,3.8,5.22,,,200.3,
9/1/1966,0,3.7,5.18,,,202.2,
10/1/1966,0,3.7,5.01,,,206.6,
11/1/1966,0,3.6,5.16,,,208.0,
12/1/1966,0,3.8,4.84,,,211.4,
1/1/1967,0,3.9,4.58,,,213.5,
2/1/1967,0,3.8,4.63,,,212.9,
3/1/1967,0,3.8,4.54,,,215.4,
4/1/1967,0,3.8,4.59,,,210.7,
5/1/1967,0,3.8,4.85,,,208.4,
6/1/1967,0,3.9,5.02,,,202.0,
7/1/1967,0,3.8,5.16,,,206.9,
8/1/1967,0,3.8,5.28,,,208.4,
9/1/1967,0,3.8,5.30,,,209.4,
10/1/1967,0,4.0,5.48,,,212.4,
11/1/1967,0,3.9,5.75,,,214.8,
12/1/1967,0,3.8,5.70,,,214.1,
1/1/1968,0,3.7,5.53,,,218.2,
2/1/1968,0,3.8,5.56,,,223.7,
3/1/1968,0,3.7,5.74,,,221.2,
4/1/1968,0,3.5,5.64,,,218.2,
5/1/1968,0,3.5,5.87,,,221.2,
6/1/1968,0,3.7,5.72,,,217.3,
7/1/1968,0,3.7,5.50,,,223.3,
8/1/1968,0,3.5,5.42,,,226.9,
9/1/1968,0,3.4,5.46,,,225.6,
10/1/1968,0,3.4,5.58,,,227.9,
11/1/1968,0,3.4,5.70,,,226.2,
12/1/1968,0,3.4,6.03,,,221.9,
1/1/1969,0,3.4,6.04,,,224.7,
2/1/1969,0,3.4,6.19,,,222.0,
3/1/1969,0,3.4,6.30,,,222.0,
4/1/1969,0,3.4,6.17,,,216.4,
5/1/1969,0,3.4,6.32,,,217.5,
6/1/1969,0,3.5,6.57,,,211.2,
7/1/1969,0,3.5,6.72,,,214.9,
8/1/1969,0,3.5,6.69,,,213.7,
9/1/1969,0,3.7,7.16,,,205.4,
10/1/1969,0,3.7,7.10,,,219.7,
11/1/1969,0,3.5,7.14,,,220.7,
12/1/1969,1,3.5,7.65,,,214.4,
1/1/1970,1,3.9,7.79,,,217.7,
2/1/1970,1,4.2,7.24,,,222.0,
3/1/1970,1,4.4,7.07,,,222.7,
4/1/1970,1,4.6,7.39,,,217.7,
5/1/1970,1,4.8,7.91,,,220.2,
6/1/1970,1,4.9,7.84,,,217.4,
7/1/1970,1,5.0,7.46,,,224.6,
8/1/1970,1,5.1,7.53,,,218.0,
9/1/1970,1,5.4,7.39,,,224.1,
10/1/1970,1,5.5,7.33,,,230.7,
11/1/1970,1,5.9,6.84,,,237.7,
12/1/1970,0,6.1,6.39,,,238.7,
1/1/1971,0,5.9,6.24,,,240.7,
2/1/1971,0,5.9,6.11,,,242.1,
3/1/1971,0,6.0,5.70,,,241.6,
4/1/1971,0,5.9,5.83,,,237.0,
5/1/1971,0,5.9,6.39,,,231.4,
6/1/1971,0,5.9,6.52,,,229.0,
7/1/1971,0,6.0,6.73,,,235.7,
8/1/1971,0,6.1,6.58,,,243.8,
9/1/1971,0,6.0,6.14,,,245.0,
10/1/1971,0,5.8,5.93,,,247.5,
11/1/1971,0,6.0,5.81,,,250.9,
12/1/1971,0,6.0,5.93,,,259.4,
1/1/1972,0,5.8,5.95,,,258.5,
2/1/1972,0,5.7,6.08,,,258.4,
3/1/1972,0,5.8,6.07,,,257.6,
4/1/1972,0,5.7,6.19,,,256.7,
5/1/1972,0,5.7,6.13,,,253.6,
6/1/1972,0,5.7,6.11,,,252.5,
7/1/1972,0,5.6,6.11,,,252.0,
8/1/1972,0,5.6,6.21,,,253.0,
9/1/1972,0,5.5,6.55,,,250.6,
10/1/1972,0,5.6,6.48,,,252.0,
11/1/1972,0,5.3,6.28,,,259.3,
12/1/1972,0,5.2,6.36,,,260.2,
1/1/1973,0,4.9,6.46,,,259.7,
2/1/1973,0,5.0,6.64,,,257.4,
3/1/1973,0,4.9,6.71,,,259.1,
4/1/1973,0,5.0,6.67,,,259.5,
5/1/1973,0,4.9,6.85,,,257.0,
6/1/1973,0,4.9,6.90,,,251.6,
7/1/1973,0,4.8,7.13,,,249.0,
8/1/1973,0,4.8,7.40,,,249.3,
9/1/1973,0,4.8,7.09,,,254.2,
10/1/1973,0,4.6,6.79,,,251.2,
11/1/1973,1,4.8,6.73,,,261.1,
12/1/1973,1,4.9,6.74,,,261.2,
1/1/1974,1,5.1,6.99,,,261.4,
2/1/1974,1,5.2,6.96,,,260.6,
3/1/1974,1,5.1,7.21,,,259.5,
4/1/1974,1,5.1,7.51,,,256.5,
5/1/1974,1,5.1,7.58,,,256.8,
6/1/1974,1,5.4,7.54,,,253.5,
7/1/1974,1,5.5,7.81,,,254.3,
8/1/1974,1,5.5,8.04,,,256.3,
9/1/1974,1,5.9,8.04,,,260.1,
10/1/1974,1,6.0,7.90,,,262.4,
11/1/1974,1,6.6,7.68,,,268.3,
12/1/1974,1,7.2,7.43,,,274.8,
1/1/1975,1,8.1,7.50,,,279.7,
2/1/1975,1,8.1,7.39,,,282.3,
3/1/1975,1,8.6,7.73,,,293.1,
4/1/1975,0,8.8,8.23,,,293.3,
5/1/1975,0,9.0,8.06,,,308.3,
6/1/1975,0,8.8,7.86,,,306.5,
7/1/1975,0,8.6,8.06,,,314.8,
8/1/1975,0,8.4,8.40,,,321.7,
9/1/1975,0,8.4,8.43,,,327.7,
10/1/1975,0,8.4,8.14,,,344.2,
11/1/1975,0,8.3,8.05,,,348.0,
12/1/1975,0,8.2,8.00,,,357.6,
1/1/1976,0,7.9,7.74,,,365.2,
2/1/1976,0,7.7,7.79,,,373.7,
3/1/1976,0,7.6,7.73,,,376.2,
4/1/1976,0,7.7,7.56,,,382.4,
5/1/1976,0,7.4,7.90,,,380.0,
6/1/1976,0,7.6,7.86,,7.06,381.3,
7/1/1976,0,7.8,7.83,,6.85,393.3,
8/1/1976,0,7.8,7.77,,6.63,402.2,
9/1/1976,0,7.6,7.59,,6.42,406.2,
10/1/1976,0,7.7,7.41,,5.98,408.4,
11/1/1976,0,7.8,7.29,,5.81,419.2,
12/1/1976,0,7.8,6.87,,5.38,425.5,
1/1/1977,0,7.5,7.21,,5.90,421.8,
2/1/1977,0,7.6,7.39,,6.09,429.0,
3/1/1977,0,7.4,7.46,,6.09,433.4,
4/1/1977,0,7.2,7.37,,5.96,431.9,
5/1/1977,0,7.0,7.46,,6.25,429.3,
6/1/1977,0,7.2,7.28,,6.13,430.5,
7/1/1977,0,6.9,7.33,,6.27,427.0,
8/1/1977,0,7.0,7.40,,6.61,430.5,
9/1/1977,0,6.8,7.34,,6.71,439.3,
10/1/1977,0,6.8,7.52,,7.11,440.9,
11/1/1977,0,6.8,7.58,,7.14,443.7,
12/1/1977,0,6.4,7.69,,7.18,452.2,
1/1/1978,0,6.4,7.96,,7.49,457.5,
2/1/1978,0,6.3,8.03,,7.57,461.0,
3/1/1978,0,6.3,8.04,,7.58,473.6,
4/1/1978,0,6.1,8.15,,7.74,460.5,
5/1/1978,0,6.0,8.35,,8.01,454.5,
6/1/1978,0,5.9,8.46,,8.24,462.1,
7/1/1978,0,6.2,8.64,,8.49,466.6,
8/1/1978,0,5.9,8.41,,8.37,471.9,
9/1/1978,0,6.0,8.42,,8.57,470.0,
10/1/1978,0,5.8,8.64,,8.85,470.6,
11/1/1978,0,5.9,8.81,,9.42,471.7,
12/1/1978,0,6.0,9.01,,9.72,464.7,
1/1/1979,0,5.9,9.10,,9.86,471.4,
2/1/1979,0,5.9,9.10,,9.72,469.6,
3/1/1979,0,5.8,9.12,,9.79,480.3,
4/1/1979,0,5.8,9.18,,9.78,480.5,
5/1/1979,0,5.6,9.25,,9.78,488.9,
6/1/1979,0,5.7,8.91,,9.22,485.6,
7/1/1979,0,5.7,8.95,,9.14,490.8,
8/1/1979,0,6.0,9.03,,9.46,489.8,
9/1/1979,0,5.9,9.33,,10.06,484.7,
10/1/1979,0,6.0,10.30,,11.49,472.8,
11/1/1979,0,5.9,10.65,,11.81,490.4,
12/1/1979,0,6.0,10.39,,11.39,501.2,
1/1/1980,1,6.3,10.80,,11.50,499.3,
2/1/1980,1,6.3,12.41,,13.42,486.7,
3/1/1980,1,6.3,12.75,,14.88,500.7,
4/1/1980,1,6.9,11.47,,12.50,524.6,
5/1/1980,1,7.5,10.18,,9.45,551.0,
6/1/1980,1,7.6,9.78,,8.73,552.7,
7/1/1980,1,7.8,10.25,,9.03,554.4,
8/1/1980,0,7.7,11.10,,10.53,548.6,
9/1/1980,0,7.5,11.51,,11.57,554.8,
10/1/1980,0,7.5,11.75,,12.09,552.4,
11/1/1980,0,7.5,12.68,,13.51,554.9,
12/1/1980,0,7.2,12.84,,14.08,567.5,
1/1/1981,0,7.5,12.57,,13.26,581.4,
2/1/1981,0,7.4,13.19,,13.92,589.2,
3/1/1981,0,7.4,13.12,,13.57,620.3,
4/1/1981,0,7.2,13.68,,14.15,598.5,
5/1/1981,0,7.5,14.10,,15.46,602.6,
6/1/1981,0,7.5,13.47,,14.51,607.3,
7/1/1981,0,7.2,14.28,,15.35,603.4,
8/1/1981,1,7.4,14.94,,16.28,602.7,
9/1/1981,1,7.6,15.32,15.61,16.46,603.3,
10/1/1981,1,7.9,15.15,14.23,15.54,633.0,
11/1/1981,1,8.3,13.39,11.35,12.88,673.6,
12/1/1981,1,8.5,13.72,11.32,13.29,674.1,
1/1/1982,1,8.6,14.59,12.92,14.57,676.0,
2/1/1982,1,8.9,14.43,14.28,14.82,689.1,
3/1/1982,1,9.0,13.86,13.31,14.19,694.6,
4/1/1982,1,9.3,13.87,13.34,14.20,713.3,
5/1/1982,1,9.4,13.62,12.71,13.78,716.3,
6/1/1982,1,9.6,14.30,13.08,14.47,704.4,
7/1/1982,1,9.8,13.95,11.86,13.80,738.0,
8/1/1982,1,9.8,13.06,9.00,12.32,781.4,
9/1/1982,1,10.1,12.34,8.19,11.78,816.3,
10/1/1982,1,10.4,10.91,7.97,10.19,833.2,
11/1/1982,1,10.8,10.55,8.35,9.80,858.9,
12/1/1982,0,10.8,10.54,8.20,9.66,892.5,
1/1/1983,0,10.4,10.46,8.12,9.33,893.0,
2/1/1983,0,10.4,10.72,8.39,9.64,920.6,
3/1/1983,0,10.3,10.51,8.66,9.66,942.8,
4/1/1983,0,10.2,10.40,8.51,9.57,948.2,
5/1/1983,0,10.1,10.38,8.50,9.49,957.5,
6/1/1983,0,10.1,10.85,9.14,10.18,974.8,
7/1/1983,0,9.4,11.38,9.45,10.69,965.6,
8/1/1983,0,9.5,11.85,9.74,11.07,988.0,
9/1/1983,0,9.2,11.65,9.36,10.79,1013.1,
10/1/1983,0,8.8,11.54,8.99,10.57,1020.9,
11/1/1983,0,8.5,11.69,9.11,10.66,1031.8,
12/1/1983,0,8.3,11.83,9.36,10.84,1032.1,
1/1/1984,0,8.0,11.67,9.26,10.64,1067.9,
2/1/1984,0,7.8,11.84,9.46,10.79,1076.9,
3/1/1984,0,7.8,12.32,9.89,11.31,1064.9,
4/1/1984,0,7.7,12.63,10.07,11.69,1083.5,
5/1/1984,0,7.4,13.41,10.22,12.47,1068.1,
6/1/1984,0,7.2,13.56,10.26,12.91,1064.2,
7/1/1984,0,7.5,13.36,10.53,12.88,1115.4,
8/1/1984,0,7.5,12.72,10.90,12.43,1141.9,
9/1/1984,0,7.3,12.52,10.80,12.20,1143.4,
10/1/1984,0,7.4,12.16,10.12,11.60,1195.8,
11/1/1984,0,7.2,11.57,8.92,10.65,1218.6,
12/1/1984,0,7.3,11.50,8.34,10.18,1250.5,
1/1/1985,0,7.3,11.38,8.02,9.93,1258.5,
2/1/1985,0,7.2,11.51,8.56,10.17,1259.5,
3/1/1985,0,7.2,11.86,8.83,10.71,1261.5,
4/1/1985,0,7.3,11.43,8.22,10.09,1301.1,
5/1/1985,0,7.2,10.85,7.73,9.39,1345.8,
6/1/1985,0,7.4,10.16,7.18,8.69,1345.1,
7/1/1985,0,7.4,10.31,7.32,8.77,1365.6,
8/1/1985,0,7.1,10.33,7.37,8.94,1377.6,
9/1/1985,0,7.1,10.37,7.33,8.98,1387.5,
10/1/1985,0,7.1,10.24,7.40,8.86,1402.7,
11/1/1985,0,7.0,9.78,7.48,8.58,1444.7,
12/1/1985,0,7.0,9.26,7.33,8.15,1491.8,
1/1/1986,0,6.7,9.19,7.30,8.14,1499.8,22.93
2/1/1986,0,7.2,8.70,7.29,7.97,1549.1,15.46
3/1/1986,0,7.2,7.78,6.76,7.21,1592.0,12.61
4/1/1986,0,7.1,7.30,6.24,6.70,1596.0,12.84
5/1/1986,0,7.2,7.71,6.33,7.07,1568.4,15.38
6/1/1986,0,7.2,7.80,6.40,7.18,1618.8,13.43
7/1/1986,0,7.0,7.30,6.00,6.67,1629.3,11.59
8/1/1986,0,6.9,7.17,5.69,6.33,1661.6,15.10
9/1/1986,0,7.0,7.45,5.35,6.35,1660.3,14.87
10/1/1986,0,7.0,7.43,5.32,6.28,1674.7,14.90
11/1/1986,0,6.9,7.25,5.50,6.28,1704.1,15.22
12/1/1986,0,6.6,7.11,5.68,6.27,1732.6,16.11
1/1/1987,0,6.6,7.08,5.58,6.23,1720.6,18.65
2/1/1987,0,6.6,7.25,5.75,6.40,1731.3,17.75
3/1/1987,0,6.6,7.25,5.77,6.42,1727.5,18.30
4/1/1987,0,6.3,8.02,5.82,7.02,1692.5,18.68
5/1/1987,0,6.3,8.61,5.85,7.76,1680.6,19.44
6/1/1987,0,6.2,8.40,5.85,7.57,1704.0,20.07
7/1/1987,0,6.1,8.45,5.88,7.44,1683.1,21.34
8/1/1987,0,6.0,8.76,6.23,7.75,1701.6,20.31
9/1/1987,0,5.9,9.42,6.62,8.34,1661.1,19.53
10/1/1987,0,6.0,9.52,6.35,8.40,1714.0,19.86
11/1/1987,0,5.8,8.86,5.89,7.69,1734.4,18.85
12/1/1987,0,5.7,8.99,5.96,7.86,1746.6,17.28
1/1/1988,0,5.7,8.67,6.00,7.63,1772.8,17.13
2/1/1988,0,5.7,8.21,5.84,7.18,1804.5,16.80
3/1/1988,0,5.7,8.37,5.87,7.27,1793.6,16.20
4/1/1988,0,5.4,8.72,6.08,7.59,1763.3,17.86
5/1/1988,0,5.6,9.09,6.45,8.00,1763.7,17.42
6/1/1988,0,5.4,8.92,6.66,8.03,1787.8,16.53
7/1/1988,0,5.4,9.06,6.95,8.28,1761.6,15.50
8/1/1988,0,5.6,9.26,7.30,8.63,1782.8,15.52
9/1/1988,0,5.4,8.98,7.48,8.46,1792.7,14.54
10/1/1988,0,5.4,8.80,7.60,8.35,1822.4,13.77
11/1/1988,0,5.3,8.96,8.03,8.67,1835.4,14.14
12/1/1988,0,5.3,9.11,8.35,9.09,1805.3,16.38
1/1/1989,0,5.4,9.09,8.56,9.18,1859.3,18.02
2/1/1989,0,5.2,9.17,8.84,9.37,1819.6,17.94
3/1/1989,0,5.0,9.36,9.14,9.68,1828.5,19.48
4/1/1989,0,5.2,9.18,8.96,9.45,1851.4,21.07
5/1/1989,0,5.2,8.86,8.74,9.02,1894.6,20.12
6/1/1989,0,5.3,8.28,8.43,8.41,1921.3,20.05
7/1/1989,0,5.2,8.02,8.15,7.82,1936.7,19.78
8/1/1989,0,5.2,8.11,8.17,8.14,1943.4,18.58
9/1/1989,0,5.3,8.19,8.01,8.28,1924.7,19.59
10/1/1989,0,5.3,8.01,7.90,7.98,2003.9,20.10
11/1/1989,0,5.4,7.87,7.94,7.80,2020.8,19.86
12/1/1989,0,5.4,7.84,7.88,7.78,2009.0,21.10
1/1/1990,0,5.4,8.21,7.90,8.09,1949.3,22.86
2/1/1990,0,5.3,8.47,8.00,8.37,2008.5,22.11
3/1/1990,0,5.2,8.59,8.17,8.63,2003.7,20.39
4/1/1990,0,5.4,8.79,8.04,8.72,1989.6,18.43
5/1/1990,0,5.4,8.76,8.01,8.64,2035.1,18.20
6/1/1990,0,5.2,8.48,7.99,8.35,2052.9,16.70
7/1/1990,1,5.5,8.47,7.87,8.16,2119.8,18.45
8/1/1990,1,5.7,8.75,7.69,8.06,2126.0,27.31
9/1/1990,1,5.9,8.89,7.60,8.08,2119.8,33.51
10/1/1990,1,5.9,8.72,7.40,7.88,2149.5,36.04
11/1/1990,1,6.2,8.39,7.29,7.60,2223.6,32.33
12/1/1990,1,6.3,8.08,6.95,7.31,2248.8,27.28
1/1/1991,1,6.4,8.09,6.41,7.13,2280.0,25.23
2/1/1991,1,6.6,7.85,6.12,6.87,2313.4,20.48
3/1/1991,1,6.8,8.11,6.09,7.10,2280.5,19.90
4/1/1991,0,6.7,8.04,5.83,6.95,2297.3,20.83
5/1/1991,0,6.9,8.07,5.63,6.78,2332.2,21.23
6/1/1991,0,6.9,8.28,5.75,6.96,2307.5,20.19
7/1/1991,0,6.8,8.27,5.75,6.92,2347.1,21.40
8/1/1991,0,6.9,7.90,5.50,6.43,2420.4,21.69
9/1/1991,0,6.9,7.65,5.37,6.18,2394.2,21.89
10/1/1991,0,7.0,7.53,5.14,5.91,2529.6,23.23
11/1/1991,0,7.0,7.42,4.69,5.56,2546.3,22.46
12/1/1991,0,7.3,7.09,4.18,5.03,2604.7,19.50
1/1/1992,0,7.3,7.03,3.91,4.96,2600.8,18.79
2/1/1992,0,7.4,7.34,3.95,5.21,2597.2,19.01
3/1/1992,0,7.4,7.54,4.14,5.69,2639.7,18.92
4/1/1992,0,7.4,7.48,3.84,5.34,2771.3,20.23
5/1/1992,0,7.6,7.39,3.72,5.23,2612.6,20.98
6/1/1992,0,7.8,7.26,3.75,5.05,2711.9,22.39
7/1/1992,0,7.7,6.84,3.28,4.36,2658.5,21.78
8/1/1992,0,7.6,6.59,3.20,4.19,2832.5,21.34
9/1/1992,0,7.6,6.42,2.97,3.89,2761.6,21.88
10/1/1992,0,7.3,6.59,2.93,4.08,2797.3,21.69
11/1/1992,0,7.4,6.87,3.21,4.58,2763.8,20.34
12/1/1992,0,7.4,6.77,3.29,4.67,2893.1,19.41
1/1/1993,0,7.3,6.60,3.07,4.39,2899.8,19.03
2/1/1993,0,7.1,6.26,2.99,4.10,2944.4,20.09
3/1/1993,0,7.0,5.98,3.01,3.95,2973.0,20.32
4/1/1993,0,7.1,5.97,2.93,3.84,2987.8,20.25
5/1/1993,0,7.1,6.04,3.03,3.98,2999.0,19.95
6/1/1993,0,7.0,5.96,3.14,4.16,3037.2,19.09
7/1/1993,0,6.9,5.81,3.11,4.07,3060.0,17.89
8/1/1993,0,6.8,5.68,3.09,4.00,3156.4,18.01
9/1/1993,0,6.7,5.36,3.01,3.85,3139.9,17.50
10/1/1993,0,6.8,5.33,3.09,3.87,3121.9,18.15
11/1/1993,0,6.6,5.72,3.18,4.16,3180.9,16.61
12/1/1993,0,6.5,5.77,3.13,4.21,3183.0,14.52
1/1/1994,0,6.6,5.75,3.04,4.14,3200.4,15.03
2/1/1994,0,6.6,5.97,3.33,4.47,3168.3,14.78
3/1/1994,0,6.5,6.48,3.59,5.00,3130.6,14.68
4/1/1994,0,6.4,6.97,3.78,5.55,3065.5,16.42
5/1/1994,0,6.1,7.18,4.27,5.97,3092.7,17.89
6/1/1994,0,6.1,7.10,4.25,5.93,3079.7,19.06
7/1/1994,0,6.1,7.30,4.46,6.13,3087.7,19.66
8/1/1994,0,6.0,7.24,4.61,6.18,3119.8,18.38
9/1/1994,0,5.9,7.46,4.75,6.39,3092.3,17.45
10/1/1994,0,5.8,7.74,5.10,6.73,3110.0,17.72
11/1/1994,0,5.6,7.96,5.45,7.15,3107.1,18.07
12/1/1994,0,5.5,7.81,5.76,7.59,3094.1,17.16
1/1/1995,0,5.6,7.78,5.90,7.51,3168.0,18.04
2/1/1995,0,5.4,7.47,5.94,7.11,3232.7,18.57
3/1/1995,0,5.4,7.20,5.91,6.78,3258.7,18.54
4/1/1995,0,5.8,7.06,5.84,6.57,3226.2,19.90
5/1/1995,0,5.6,6.63,5.85,6.17,3318.0,19.74
6/1/1995,0,5.6,6.17,5.64,5.72,3378.9,18.45
7/1/1995,0,5.7,6.28,5.59,5.78,3365.0,17.33
8/1/1995,0,5.7,6.49,5.57,5.98,3405.4,18.02
9/1/1995,0,5.6,6.20,5.43,5.81,3388.0,18.23
10/1/1995,0,5.5,6.04,5.44,5.70,3446.3,17.43
11/1/1995,0,5.6,5.93,5.52,5.48,3524.5,17.99
12/1/1995,0,5.6,5.71,5.29,5.32,3501.3,19.03
1/1/1996,0,5.6,5.65,5.15,5.11,3502.6,18.86
2/1/1996,0,5.5,5.81,4.96,5.03,3522.8,19.09
3/1/1996,0,5.5,6.27,5.10,5.66,3477.2,21.33
4/1/1996,0,5.6,6.51,5.09,5.96,3442.8,23.50
5/1/1996,0,5.6,6.74,5.15,6.10,3445.0,21.17
6/1/1996,0,5.3,6.91,5.23,6.30,3419.8,20.42
7/1/1996,0,5.5,6.87,5.30,6.27,3448.2,21.30
8/1/1996,0,5.1,6.64,5.19,6.03,3442.5,21.90
9/1/1996,0,5.2,6.83,5.24,6.23,3489.7,23.97
10/1/1996,0,5.2,6.53,5.12,5.91,3539.3,24.88
11/1/1996,0,5.4,6.20,5.17,5.70,3580.4,23.71
12/1/1996,0,5.4,6.30,5.04,5.78,3527.1,25.23
1/1/1997,0,5.3,6.58,5.17,6.01,3528.2,25.13
2/1/1997,0,5.2,6.42,5.14,5.90,3554.3,22.18
3/1/1997,0,5.2,6.69,5.28,6.22,3543.4,20.97
4/1/1997,0,5.1,6.89,5.30,6.45,3516.7,19.70
5/1/1997,0,4.9,6.71,5.20,6.28,3479.6,20.82
6/1/1997,0,5.0,6.49,5.07,6.09,3509.7,19.26
7/1/1997,0,4.9,6.22,5.19,5.89,3552.3,19.66
8/1/1997,0,4.8,6.30,5.28,5.94,3524.0,19.95
9/1/1997,0,4.9,6.21,5.08,5.88,3557.7,19.80
10/1/1997,0,4.7,6.03,5.11,5.77,3581.9,21.33
11/1/1997,0,4.6,5.88,5.28,5.71,3575.1,20.19
12/1/1997,0,4.7,5.81,5.30,5.72,3613.4,18.33
1/1/1998,0,4.6,5.54,5.18,5.36,3579.1,16.72
2/1/1998,0,4.6,5.57,5.23,5.42,3584.7,16.06
3/1/1998,0,4.7,5.65,5.16,5.56,3623.1,15.12
4/1/1998,0,4.3,5.64,5.08,5.56,3551.2,15.35
5/1/1998,0,4.4,5.65,5.14,5.59,3516.5,14.91
6/1/1998,0,4.5,5.50,5.12,5.52,3547.0,13.72
7/1/1998,0,4.5,5.46,5.09,5.46,3519.9,14.17
8/1/1998,0,4.5,5.34,5.04,5.27,3613.0,13.47
9/1/1998,0,4.6,4.81,4.74,4.67,3610.8,15.03
10/1/1998,0,4.5,4.53,4.07,4.09,3567.0,14.46
11/1/1998,0,4.4,4.83,4.53,4.54,3609.5,13.00
12/1/1998,0,4.4,4.65,4.50,4.51,3591.3,11.35
1/1/1999,0,4.3,4.72,4.45,4.62,3530.3,12.52
2/1/1999,0,4.4,5.00,4.56,4.88,3456.6,12.01
3/1/1999,0,4.2,5.23,4.57,5.05,3521.6,14.68
4/1/1999,0,4.3,5.18,4.41,4.98,3427.1,17.31
5/1/1999,0,4.2,5.54,4.63,5.25,3360.2,17.72
6/1/1999,0,4.3,5.90,4.72,5.62,3353.7,17.92
7/1/1999,0,4.3,5.79,4.69,5.55,3312.2,20.10
8/1/1999,0,4.2,5.94,4.87,5.68,3358.1,21.28
9/1/1999,0,4.2,5.92,4.82,5.66,3316.0,23.80
10/1/1999,0,4.1,6.11,5.02,5.86,3281.0,22.69
11/1/1999,0,4.1,6.03,5.23,5.86,3297.2,25.00
12/1/1999,0,4.0,6.28,5.36,6.10,3309.2,26.10
1/1/2000,0,4.0,6.66,5.50,6.44,3221.5,27.26
2/1/2000,0,4.1,6.52,5.73,6.61,3259.5,29.37
3/1/2000,0,4.0,6.26,5.86,6.53,3332.4,29.84
4/1/2000,0,3.8,5.99,5.82,6.40,3174.5,25.72
5/1/2000,0,4.0,6.44,5.99,6.81,3138.9,28.79
6/1/2000,0,4.0,6.10,5.86,6.48,3138.4,31.82
7/1/2000,0,4.0,6.05,6.14,6.34,3124.0,29.70
8/1/2000,0,4.1,5.83,6.28,6.23,3151.9,31.26
9/1/2000,0,3.9,5.80,6.18,6.08,3080.0,33.88
10/1/2000,0,3.9,5.74,6.29,5.91,3089.6,33.11
11/1/2000,0,3.9,5.72,6.36,5.88,3159.2,34.42
12/1/2000,0,3.9,5.24,5.94,5.35,3119.9,28.44
1/1/2001,0,4.2,5.16,5.29,4.76,3143.3,29.59
2/1/2001,0,4.2,5.10,5.01,4.66,3169.5,29.61
3/1/2001,1,4.3,4.89,4.54,4.34,3158.1,27.25
4/1/2001,1,4.4,5.14,3.97,4.23,3018.7,27.49
5/1/2001,1,4.3,5.39,3.70,4.26,2995.2,28.63
6/1/2001,1,4.5,5.28,3.57,4.08,2956.3,27.60
7/1/2001,1,4.6,5.24,3.59,4.04,3021.8,26.43
8/1/2001,1,4.9,4.97,3.44,3.76,3110.5,27.37
9/1/2001,1,5.0,4.73,2.69,3.12,3102.5,26.20
10/1/2001,1,5.3,4.57,2.20,2.73,3172.7,22.17
11/1/2001,1,5.5,4.65,1.91,2.78,3179.1,19.64
12/1/2001,0,5.7,5.09,1.72,3.11,3142.4,19.39
1/1/2002,0,5.7,5.04,1.68,3.03,3128.0,19.72
2/1/2002,0,5.7,4.91,1.76,3.02,3202.9,20.72
3/1/2002,0,5.7,5.28,1.83,3.56,3118.3,24.53
4/1/2002,0,5.9,5.21,1.75,3.42,3143.7,26.18
5/1/2002,0,5.8,5.16,1.76,3.26,3196.9,27.04
6/1/2002,0,5.8,4.93,1.73,2.99,3195.5,25.52
7/1/2002,0,5.8,4.65,1.71,2.56,3301.6,26.97
8/1/2002,0,5.7,4.26,1.65,2.13,3359.7,28.39
9/1/2002,0,5.7,3.87,1.66,2.00,3425.7,29.66
10/1/2002,0,5.7,3.94,1.61,1.91,3417.8,28.84
11/1/2002,0,5.9,4.05,1.25,1.92,3416.3,26.35
12/1/2002,0,6.0,4.03,1.21,1.84,3490.4,29.46
1/1/2003,0,5.8,4.05,1.19,1.74,3467.0,32.95
2/1/2003,0,5.9,3.90,1.19,1.63,3575.5,35.83
3/1/2003,0,5.9,3.81,1.15,1.57,3599.7,33.51
4/1/2003,0,6.0,3.96,1.15,1.62,3581.7,28.17
5/1/2003,0,6.1,3.57,1.09,1.42,3646.0,28.11
6/1/2003,0,6.3,3.33,0.94,1.23,3693.0,30.66
7/1/2003,0,6.2,3.98,0.92,1.47,3621.5,30.76
8/1/2003,0,6.1,4.45,0.97,1.86,3642.3,31.57
9/1/2003,0,6.1,4.27,0.96,1.71,3725.6,28.31
10/1/2003,0,6.0,4.29,0.94,1.75,3743.0,30.34
11/1/2003,0,5.8,4.30,0.95,1.93,3751.3,31.11
12/1/2003,0,5.7,4.27,0.91,1.91,3803.3,32.13
1/1/2004,0,5.7,4.15,0.90,1.76,3789.5,34.31
2/1/2004,0,5.6,4.08,0.94,1.74,3893.2,34.69
3/1/2004,0,5.8,3.83,0.95,1.58,3995.5,36.74
4/1/2004,0,5.6,4.35,0.96,2.07,3876.2,36.75
5/1/2004,0,5.6,4.72,1.04,2.53,3876.8,40.28
6/1/2004,0,5.6,4.73,1.29,2.76,3923.0,38.03
7/1/2004,0,5.5,4.50,1.36,2.64,3950.1,40.78
8/1/2004,0,5.4,4.28,1.50,2.51,4059.3,44.90
9/1/2004,0,5.4,4.13,1.68,2.53,4059.2,45.94
10/1/2004,0,5.5,4.10,1.79,2.58,4095.4,53.28
11/1/2004,0,5.4,4.19,2.11,2.85,4130.7,48.47
12/1/2004,0,5.4,4.23,2.22,3.01,4143.1,43.15
1/1/2005,0,5.3,4.22,2.37,3.22,4166.2,46.84
2/1/2005,0,5.4,4.17,2.58,3.38,4213.1,48.15
3/1/2005,0,5.2,4.50,2.80,3.73,4246.9,54.19
4/1/2005,0,5.2,4.34,2.84,3.65,4214.6,52.98
5/1/2005,0,5.1,4.14,2.90,3.64,4251.9,49.83
6/1/2005,0,5.0,4.00,3.04,3.64,4238.5,56.35
7/1/2005,0,5.0,4.18,3.29,3.87,4201.1,59.00
8/1/2005,0,4.9,4.26,3.52,4.04,4297.7,64.99
9/1/2005,0,5.0,4.20,3.49,3.95,4230.6,65.59
10/1/2005,0,5.0,4.46,3.79,4.27,4241.1,62.26
11/1/2005,0,5.0,4.54,3.97,4.42,4294.9,58.32
12/1/2005,0,4.9,4.47,3.97,4.40,4277.2,59.41
1/1/2006,0,4.7,4.42,4.34,4.40,4307.7,65.49
2/1/2006,0,4.8,4.57,4.54,4.67,4384.4,61.63
3/1/2006,0,4.7,4.72,4.63,4.73,4400.7,62.69
4/1/2006,0,4.7,4.99,4.72,4.89,4289.3,69.44
5/1/2006,0,4.6,5.11,4.84,4.97,4297.7,70.84
6/1/2006,0,4.6,5.11,4.92,5.12,4278.8,70.95
7/1/2006,0,4.7,5.09,5.08,5.12,4330.2,74.41
8/1/2006,0,4.7,4.88,5.09,4.90,4424.8,73.04
9/1/2006,0,4.5,4.72,4.93,4.77,4364.7,63.80
10/1/2006,0,4.4,4.73,5.05,4.80,4432.8,58.89
11/1/2006,0,4.5,4.60,5.07,4.74,4498.1,59.08
12/1/2006,0,4.4,4.56,4.97,4.67,4388.9,61.96
1/1/2007,0,4.6,4.76,5.11,4.88,4415.0,54.51
2/1/2007,0,4.5,4.72,5.16,4.85,4512.8,59.28
3/1/2007,0,4.4,4.56,5.08,4.57,4529.8,60.44
4/1/2007,0,4.5,4.69,5.01,4.67,4510.6,63.98
5/1/2007,0,4.4,4.75,4.87,4.77,4432.0,63.46
6/1/2007,0,4.6,5.10,4.74,4.98,4351.3,67.49
7/1/2007,0,4.7,5.00,4.96,4.82,4483.9,74.12
8/1/2007,0,4.6,4.67,4.32,4.31,4608.5,72.36
9/1/2007,0,4.7,4.52,3.99,4.01,4540.6,79.92
10/1/2007,0,4.7,4.53,4.00,3.97,4600.4,85.80
11/1/2007,0,4.7,4.15,3.35,3.34,4774.4,94.77
12/1/2007,1,5.0,4.10,3.07,3.12,4754.2,91.69
1/1/2008,1,5.0,3.74,2.82,2.48,4834.7,92.97
2/1/2008,1,4.9,3.74,2.17,1.97,4985.8,95.39
3/1/2008,1,5.1,3.51,1.28,1.62,5063.4,105.45
4/1/2008,1,5.0,3.68,1.31,2.05,4902.5,112.58
5/1/2008,1,5.4,3.88,1.76,2.45,4860.9,125.40
6/1/2008,1,5.6,4.10,1.89,2.77,4917.6,133.88
7/1/2008,1,5.8,4.01,1.66,2.57,5013.6,133.37
8/1/2008,1,6.1,3.89,1.75,2.42,5107.7,116.67
9/1/2008,1,6.1,3.69,1.15,2.08,5456.6,104.11
10/1/2008,1,6.5,3.81,0.69,1.61,5893.9,76.61
11/1/2008,1,6.8,3.53,0.19,1.21,6122.8,57.31
12/1/2008,1,7.3,2.42,0.03,0.82,6251.7,41.12
1/1/2009,1,7.8,2.52,0.13,0.81,6075.8,41.71
2/1/2009,1,8.3,2.87,0.30,0.98,6309.1,39.09
3/1/2009,1,8.7,2.82,0.22,0.93,6673.7,47.94
4/1/2009,1,9.0,2.93,0.16,0.93,6676.1,49.65
5/1/2009,1,9.4,3.29,0.18,0.93,6701.8,59.03
6/1/2009,1,9.5,3.72,0.18,1.18,6861.7,69.64
7/1/2009,0,9.5,3.56,0.18,1.02,7037.3,64.15
8/1/2009,0,9.6,3.59,0.17,1.12,7216.7,71.05
9/1/2009,0,9.8,3.40,0.12,0.96,7318.3,69.41
10/1/2009,0,10.0,3.39,0.07,0.95,7225.7,75.72
11/1/2009,0,9.9,3.40,0.05,0.80,7538.3,77.99
12/1/2009,0,9.9,3.59,0.05,0.87,7488.1,74.47
1/1/2010,0,9.8,3.73,0.06,0.93,7485.1,78.33
2/1/2010,0,9.8,3.69,0.11,0.86,7651.1,76.39
3/1/2010,0,9.9,3.73,0.15,0.96,7978.5,81.20
4/1/2010,0,9.9,3.85,0.16,1.06,8174.8,84.29
5/1/2010,0,9.6,3.42,0.16,0.83,8273.5,73.74
6/1/2010,0,9.4,3.20,0.12,0.72,8547.2,75.34
7/1/2010,0,9.4,3.01,0.16,0.62,8605.4,76.32
8/1/2010,0,9.5,2.70,0.16,0.52,8983.8,76.60
9/1/2010,0,9.5,2.65,0.15,0.48,9067.6,75.24
10/1/2010,0,9.4,2.54,0.13,0.38,9066.7,81.89
11/1/2010,0,9.8,2.76,0.14,0.45,9234.4,84.25
12/1/2010,0,9.3,3.29,0.14,0.62,9213.1,89.15
1/1/2011,0,9.1,3.39,0.15,0.61,9295.1,89.17
2/1/2011,0,9.0,3.58,0.13,0.77,9389.2,88.58
3/1/2011,0,9.0,3.41,0.10,0.70,9423.5,102.86
4/1/2011,0,9.1,3.46,0.06,0.73,9421.8,109.53
5/1/2011,0,9.0,3.17,0.04,0.56,9708.1,100.90
6/1/2011,0,9.1,3.00,0.04,0.41,9748.8,96.26
7/1/2011,0,9.0,3.00,0.04,0.41,9865.2,97.30
8/1/2011,0,9.0,2.30,0.02,0.23,10240.7,86.33
9/1/2011,0,9.0,1.98,0.01,0.21,10446.6,85.52
10/1/2011,0,8.8,2.15,0.02,0.28,10532.4,86.32
11/1/2011,0,8.6,2.01,0.01,0.25,10680.0,97.16
12/1/2011,0,8.5,1.98,0.01,0.26,10730.5,98.56
1/1/2012,0,8.3,1.97,0.03,0.24,10960.5,100.27
2/1/2012,0,8.3,1.97,0.09,0.28,11044.4,102.20
3/1/2012,0,8.2,2.17,0.08,0.34,10990.3,106.16
4/1/2012,0,8.2,2.05,0.08,0.29,11222.6,103.32
5/1/2012,0,8.2,1.80,0.09,0.29,11451.5,94.66
6/1/2012,0,8.2,1.62,0.09,0.29,11372.8,82.30
7/1/2012,0,8.2,1.53,0.10,0.25,11607.9,87.90
8/1/2012,0,8.1,1.68,0.10,0.27,11723.7,94.13
9/1/2012,0,7.8,1.72,0.11,0.26,11622.4,94.51
10/1/2012,0,7.8,1.75,0.10,0.28,11778.3,89.49
11/1/2012,0,7.7,1.65,0.09,0.27,11954.3,86.53
12/1/2012,0,7.9,1.72,0.07,0.26,11909.0,87.86
1/1/2013,0,8.0,1.91,0.07,0.27,11877.6,94.76
2/1/2013,0,7.7,1.98,0.10,0.27,12111.1,95.31
3/1/2013,0,7.5,1.96,0.09,0.26,12136.4,92.94
4/1/2013,0,7.6,1.76,0.06,0.23,12281.8,92.02
5/1/2013,0,7.5,1.93,0.04,0.25,12036.6,94.51
6/1/2013,0,7.5,2.30,0.05,0.33,11799.8,95.77
7/1/2013,0,7.3,2.58,0.04,0.34,11922.8,104.67
8/1/2013,0,7.2,2.74,0.04,0.36,11866.5,106.57
9/1/2013,0,7.2,2.81,0.02,0.40,12012.5,106.29
10/1/2013,0,7.2,2.62,0.05,0.34,12122.1,100.54
11/1/2013,0,6.9,2.72,0.07,0.30,12081.4,93.86
12/1/2013,0,6.7,2.90,0.07,0.34,12109.3,97.63
1/1/2014,0,6.6,2.86,0.04,0.39,12221.5,94.62
2/1/2014,0,6.7,2.71,0.05,0.33,12402.2,100.82
3/1/2014,0,6.7,2.72,0.05,0.40,12487.0,100.80
4/1/2014,0,6.2,2.71,0.03,0.42,12437.5,102.07
5/1/2014,0,6.3,2.56,0.03,0.39,12431.0,102.18
6/1/2014,0,6.1,2.60,0.04,0.45,12508.2,105.79
7/1/2014,0,6.2,2.54,0.03,0.51,12559.8,103.59
8/1/2014,0,6.1,2.42,0.03,0.47,12665.5,96.54
9/1/2014,0,5.9,2.53,0.02,0.57,12695.6,93.21
10/1/2014,0,5.7,2.30,0.02,0.45,12855.2,84.40
11/1/2014,0,5.8,2.33,0.02,0.53,12916.2,75.79
12/1/2014,0,5.6,2.21,0.03,0.64,13049.8,59.29
1/1/2015,0,5.7,1.88,0.03,0.55,13264.8,47.22
2/1/2015,0,5.5,1.98,0.02,0.62,13146.7,50.58
3/1/2015,0,5.4,2.04,0.03,0.64,13338.4,47.82
4/1/2015,0,5.4,1.94,0.02,0.54,13266.6,54.45
5/1/2015,0,5.6,2.20,0.02,0.61,13157.1,59.27
6/1/2015,0,5.3,2.36,0.02,0.69,13137.4,59.82
7/1/2015,0,5.2,2.32,0.03,0.67,13325.7,50.90
8/1/2015,0,5.1,2.17,0.07,0.70,13304.8,42.87
9/1/2015,0,5.0,2.17,0.02,0.71,13394.2,45.48
10/1/2015,0,5.0,2.07,0.02,0.64,13215.8,46.22
11/1/2015,0,5.1,2.26,0.13,0.88,13545.9,42.44
12/1/2015,0,5.0,2.24,0.23,0.98,13578.8,37.19
1/1/2016,0,4.8,2.09,0.26,0.90,13659.5,31.68
2/1/2016,0,4.9,1.78,0.31,0.73,13976.4,30.32
3/1/2016,0,5.0,1.89,0.30,0.88,14128.6,37.55
4/1/2016,0,5.1,1.81,0.23,0.77,13856.1,40.75
5/1/2016,0,4.8,1.81,0.28,0.82,14000.2,46.71
6/1/2016,0,4.9,1.64,0.27,0.73,14285.3,48.76
7/1/2016,0,4.8,1.50,0.30,0.67,14232.2,44.65
8/1/2016,0,4.9,1.56,0.30,0.74,14378.0,44.72
9/1/2016,0,5.0,1.63,0.29,0.77,14427.1,45.18
10/1/2016,0,4.9,1.76,0.33,0.84,14392.8,49.78
11/1/2016,0,4.7,2.14,0.45,0.98,14219.4,45.66
12/1/2016,0,4.7,2.49,0.51,1.20,14091.4,51.97
1/1/2017,0,4.7,2.43,0.52,1.21,14145.5,52.50
2/1/2017,0,4.6,2.42,0.53,1.20,14194.6,53.47
3/1/2017,0,4.4,2.48,0.75,1.31,14257.8,49.33
4/1/2017,0,4.4,2.30,0.81,1.24,14150.6,51.06
5/1/2017,0,4.4,2.30,0.90,1.30,14358.8,48.48
6/1/2017,0,4.3,2.19,1.00,1.34,14339.4,45.18
7/1/2017,0,4.3,2.32,1.09,1.37,14388.5,46.63
8/1/2017,0,4.4,2.21,1.03,1.34,14528.4,48.04
9/1/2017,0,4.3,2.20,1.05,1.38,14424.7,49.82
10/1/2017,0,4.2,2.36,1.09,1.55,14558.5,51.58
11/1/2017,0,4.2,2.35,1.25,1.70,14691.6,56.64
12/1/2017,0,4.1,2.40,1.34,1.84,14625.3,57.88
1/1/2018,0,4.0,2.58,1.43,2.03,14591.3,63.70
2/1/2018,0,4.1,2.86,1.59,2.18,14680.1,62.23
3/1/2018,0,4.0,2.84,1.73,2.28,14924.7,62.73
4/1/2018,0,4.0,2.87,1.79,2.38,14807.3,66.25
5/1/2018,0,3.8,2.98,1.90,2.51,14954.0,69.98
6/1/2018,0,4.0,2.91,1.94,2.53,14907.7,67.87
7/1/2018,0,3.8,2.89,1.99,2.61,15034.2,70.98
8/1/2018,0,3.8,2.89,2.07,2.64,15306.9,68.06
9/1/2018,0,3.7,3.00,2.17,2.77,15060.2,70.23
10/1/2018,0,3.8,3.15,2.29,2.86,15016.5,70.75
11/1/2018,0,3.8,3.12,2.37,2.86,15431.4,56.96
12/1/2018,0,3.9,2.83,2.41,2.68,15609.4,49.52
1/1/2019,0,4.0,2.71,2.42,2.54,15735.6,51.38
2/1/2019,0,3.8,2.68,2.44,2.50,15784.5,54.95
3/1/2019,0,3.8,2.57,2.45,2.41,16120.3,58.15
4/1/2019,0,3.7,2.53,2.43,2.34,16100.3,63.86
5/1/2019,0,3.6,2.40,2.40,2.21,16418.2,60.83
6/1/2019,0,3.6,2.07,2.22,1.81,16312.8,54.66
7/1/2019,0,3.7,2.06,2.15,1.84,16498.5,57.35
8/1/2019,0,3.6,1.63,1.99,1.57,16984.4,54.81
9/1/2019,0,3.5,1.70,1.93,1.65,17134.1,56.95
10/1/2019,0,3.6,1.71,1.68,1.55,17279.0,53.96
11/1/2019,0,3.6,1.81,1.57,1.61,17247.4,57.03
12/1/2019,0,3.6,1.86,1.57,1.61,17296.8,59.88
1/1/2020,0,3.6,1.76,1.55,1.52,17606.5,57.52
2/1/2020,1,3.5,1.50,1.54,1.33,18001.7,50.54
3/1/2020,1,4.4,0.87,0.30,0.45,18697.7,29.21
4/1/2020,1,14.8,0.66,0.14,0.22,20176.7,16.55
5/1/2020,0,13.2,0.67,0.13,0.17,20734.5,28.56
6/1/2020,0,11.0,0.73,0.16,0.19,21529.0,38.31
7/1/2020,0,10.2,0.62,0.13,0.15,21809.3,40.71
8/1/2020,0,8.4,0.65,0.10,0.14,21802.4,42.34
9/1/2020,0,7.8,0.68,0.11,0.13,21979.4,39.63
10/1/2020,0,6.9,0.79,0.10,0.15,21703.1,39.40
11/1/2020,0,6.7,0.87,0.09,0.17,22176.2,40.94
12/1/2020,0,6.7,0.93,0.09,0.14,22414.7,47.02
1/1/2021,0,6.4,1.08,0.08,0.13,22180.7,52.00
2/1/2021,0,6.2,1.26,0.04,0.12,21982.1,59.04
3/1/2021,0,6.1,1.61,0.03,0.15,22090.2,62.33
4/1/2021,0,6.1,1.64,0.02,0.16,22255.6,61.72
5/1/2021,0,5.8,1.62,0.02,0.16,22123.8,65.17
6/1/2021,0,5.9,1.52,0.04,0.20,22641.9,71.38
7/1/2021,0,5.4,1.32,0.05,0.22,22668.7,72.49
8/1/2021,0,5.1,1.28,0.05,0.22,22993.5,67.73
9/1/2021,0,4.7,1.37,0.04,0.24,22770.1,71.65
10/1/2021,0,4.5,1.58,0.05,0.39,22824.1,81.48
11/1/2021,0,4.2,1.56,0.05,0.51,23303.9,79.15
12/1/2021,0,3.9,1.47,0.06,0.68,23424.0,71.71
1/1/2022,0,4.0,1.76,0.15,0.98,23398.5,83.22
2/1/2022,0,3.8,1.93,0.31,1.44,23565.9,91.64
3/1/2022,0,3.7,2.13,0.45,1.91,23101.0,108.50
4/1/2022,0,3.7,2.75,0.76,2.54,22304.6,101.78
5/1/2022,0,3.6,2.90,0.99,2.62,22522.0,109.55
6/1/2022,0,3.6,3.14,1.54,3.00,22276.6,114.84
7/1/2022,0,3.5,2.90,2.30,3.04,22423.9,101.62
8/1/2022,0,3.6,2.90,2.72,3.25,22414.1,93.67
9/1/2022,0,3.5,3.52,3.22,3.86,21777.4,84.26
10/1/2022,0,3.6,3.98,3.87,4.38,21511.7,87.55
11/1/2022,0,3.6,3.89,4.32,4.50,22117.6,84.37
12/1/2022,0,3.5,3.62,4.36,4.29,21925.4,76.44
1/1/2023,0,3.5,3.53,4.69,4.21,22630.2,78.12
2/1/2023,0,3.6,3.75,4.79,4.53,22397.8,76.83
3/1/2023,0,3.5,3.66,4.86,4.30,22905.6,73.28
4/1/2023,0,3.4,3.46,5.07,4.02,22659.3,79.45
5/1/2023,0,3.6,3.57,5.31,4.13,22459.2,71.58
6/1/2023,0,3.6,3.75,5.42,4.64,22863.9,70.25
7/1/2023,0,3.5,3.90,5.49,4.83,23045.3,76.07
8/1/2023,0,3.7,4.17,5.56,4.90,23465.8,81.39
9/1/2023,0,3.8,4.38,5.56,5.02,23232.8,89.43
10/1/2023,0,3.9,4.80,5.60,5.07,23361.9,85.64
11/1/2023,0,3.7,4.50,5.52,4.88,24165.2,77.69
12/1/2023,0,3.8,4.02,5.44,4.46,24614.1,71.90
1/1/2024,0,3.7,4.06,5.45,4.32,24880.0,74.15
2/1/2024,0,3.9,4.21,5.44,4.54,24899.5,77.25
3/1/2024,0,3.9,4.21,5.47,4.59,24967.7,81.28
4/1/2024,0,3.9,4.54,5.44,4.87,24650.3,85.35
5/1/2024,0,4.0,4.48,5.46,4.86,24955.9,80.02
6/1/2024,0,4.1,4.31,5.51,4.74,24952.4,79.77
7/1/2024,0,4.2,4.25,5.43,4.50,25772.0,81.80
8/1/2024,0,4.2,3.87,5.30,3.97,26049.7,76.68
9/1/2024,0,4.1,3.72,4.92,3.62,26486.9,70.24
10/1/2024,0,4.1,4.10,4.72,3.97,26272.0,71.99
11/1/2024,0,4.2,4.36,4.62,4.26,26493.0,69.95
12/1/2024,0,4.1,4.39,4.39,4.23,26338.2,70.12
1/1/2025,0,4.0,4.63,4.34,4.27,26646.3,75.74
2/1/2025,0,4.1,4.45,4.33,4.21,27087.9,71.53
3/1/2025,0,4.2,4.28,4.34,3.97,27063.0,68.24
4/1/2025,0,4.2,4.28,4.32,3.78,,
,,,,,,,
,,,,,,,
,,,,,,,
